site,titulo,link
IBM,ibm storage python developer,https://ibmglobal.avature.net/pt_BR/careers/JobDetail?jobId=14291&source=WEB_Search_LA
IBM,application developer - sap abap hana,https://ibmglobal.avature.net/pt_BR/careers/JobDetail?jobId=14546&source=WEB_Search_LA
IBM,backend developer,https://ibmglobal.avature.net/pt_BR/careers/JobDetail?jobId=17844&source=WEB_Search_LA
IBM,java developer,https://ibmglobal.avature.net/pt_BR/careers/JobDetail?jobId=17725&source=WEB_Search_LA
IBM,etl developer (informatica powercenter),https://ibmglobal.avature.net/pt_BR/careers/JobDetail?jobId=13880&source=WEB_Search_LA
IBM,application developer-java & web technologies,https://ibmglobal.avature.net/pt_BR/careers/JobDetail?jobId=15269&source=WEB_Search_LA
IBM,application developer-sap abap hana,https://ibmglobal.avature.net/pt_BR/careers/JobDetail?jobId=19314&source=WEB_Search_LA
IBM,application developer-microsoft .net (japanese bilingual),https://ibmglobal.avature.net/pt_BR/careers/JobDetail?jobId=18986&source=WEB_Search_LA
IBM,java developer - japanese bilingual,https://ibmglobal.avature.net/pt_BR/careers/JobDetail?jobId=19153&source=WEB_Search_LA
